{
  "block identifier": "W 4f",
  "sample identifier": "RW_WS2_MoS2_thicker",
  "year in full": 2020,
  "month": 9,
  "day of month": 3,
  "hours": 17,
  "minutes": 7,
  "seconds": 49,
  "number of hours in advance of Greenwich Mean Time": 2,
  "number of lines in block comment": 57,
  "blockComment": "Casa Info Follows\n2\nCalib M = 281.1700 A = 284.8 BE ADD\nCalib M = 284.7999 A = 284.8 BE ADD\n0\n1\nCASA region (*W 4f*) (*Shirley*) 1446.874 1455.9097 11.364733 2 0 0 2622.1736 -450 0 0 (*W 4f*) 183.847 0 9.8\n8\nCASA comp (*W 4f WSe2*) (*LA(2.5,2.8,70)*) Area 2709.2313 1e-020 265247.75 -1 1 MFWHM 0.70766798 0.2 5 -1 1 Position 1454.4025 1453.69 1454.49 -1 1 RSF 9.8 MASS 183.847 INDEX -1 (*W 4f*) CONST (**) UNCORRECTEDRSF 9.8\nCASA comp (*W 4f WSe2*) (*LA(2.5,2.8,70)*) Area 2031.9235 1e-020 265247.75 0 0.75 MFWHM 0.70766798 0.2 5 0 1 Position 1452.3225 0 0 0 -2.08 RSF 9.8 MASS 183.847 INDEX -1 (*W 4f*) CONST (**) UNCORRECTEDRSF 9.8\nCASA comp (*W 4f WO3*) (*GL(40)*) Area 5019.8908 1e-020 123349.01 -1 1 MFWHM 1.2728662 0.5 3 -1 1 Position 1451.3323 1449.69 1451.69 -1 1 RSF 9.8 MASS 183.847 INDEX -1 (*W 4f*) CONST (**) UNCORRECTEDRSF 9.8\nCASA comp (*W 4f WO3*) (*GL(40)*) Area 3764.9181 1e-020 123349.01 2 0.75 MFWHM 1.2728662 0.257653 6.441325 2 1 Position 1449.1823 0 0 2 -2.15 RSF 9.8 MASS 183.847 INDEX -1 (*W 4f*) CONST (**) UNCORRECTEDRSF 9.8\nCASA comp (*W 4d WSe2*) (*GL(40)*) Area 224.05343 0 5000 0 0.0827 MFWHM 2.3131698 2.1131698 2.3131698 -1 1 Position 1448.5164 0 0 0 -5.8861 RSF 9.8 MASS 183.847 INDEX -1 (*W 4f*) CONST (**) UNCORRECTEDRSF 9.8\nCASA comp (*W 4f W(0)*) (*LA(1.3,2.5,11)*) Area 693.70012 0 50000 -1 1 MFWHM 0.47924931 0.2 0.8 -1 1 Position 1454.8883 1454.59 1455.39 -1 1 RSF 9.8 MASS 183.847 INDEX -1 (*W 4f*) CONST (**) UNCORRECTEDRSF 9.8\nCASA comp (*W 4f W(0)*) (*LA(1.3,2.5,11)*) Area 520.27509 1e-020 265247.75 5 0.75 MFWHM 0.47924931 0.2 5 5 1 Position 1452.7883 0 0 5 -2.1 RSF 9.8 MASS 183.847 INDEX -1 (*W 4f*) CONST (**) UNCORRECTEDRSF 9.8\nCASA comp (*W 4d W(0)*) (*GL(40)*) Area 57.369 0 5000 5 0.0827 MFWHM 2.1131698 2.1131698 2.3131698 -1 1 Position 1449.0022 0 0 5 -5.8861 RSF 9.8 MASS 183.847 INDEX -1 (*W 4f*) CONST (**) UNCORRECTEDRSF 9.8\nCreation\nCreated by : DESKTOP-MI6NA2R\\kratos\nDate created : 03/09/2020 17:07\nComputer : DESKTOP-MI6NA2R\nLocation\nLocation ID : RW_WS2_MoS2_thicker\nSample : RW_WS2_MoS2_thicker\nDescription : (6.422,19.568,-1.679)mm\nTilt : 0.00\nCharge Neutraliser : On\nFilament Current : 0.45A\nFilament Bias : 1V\nCharge Balance : 4.9V\nSettings\nExcitation\nMode : XPS - monochromatic\nTuning : Spectroscopy\nEmission current : 15.00mA\nAnode library : Al\nESCA modes\nCollimation : Slot\nLens : Hybrid\nResolution : 40.00\nScan\nDeflection : (0.000, 0.000)mm\nW 4f : 1441.715-1461.665eV, Sweeps 6\nStart : 1441.715eV\nEnd : 1461.665eV\nCentre : 1451.690eV\nWidth : 19.950eV\nStep size : 0.150eV\nNumber Steps : 133\nDwell time : 448ms\nSweep time : 60s\nSweeps : 6\nTarget quality : 200\nInstrument Conditions\nWork function : -4.50\nAcquisition Conditions\nX-ray Power : 225.00W\nQuality : 100.18",
  "technique": "XPS",
  "value of experimental variable": ["9", "6.4215", "19.5681", "-1.67878"],
  "analysis source label": "Al (mono)",
  "analysis source characteristic energy": 1486.69,
  "analysis source strength": 225,
  "analysis source beam width x": 1e37,
  "analysis source beam width y": 1e37,
  "analysis source polar angle of incidence": 1e37,
  "analysis source azimuth": 1e37,
  "analyser mode": "FAT",
  "analyser pass energy or retard ratio or mass resolution": 40,
  "magnification of analyser transfer lens": 1e37,
  "analyser work function or acceptance energy of atom or ion": -4.5,
  "target bias": 1e37,
  "analysis width x": 1e37,
  "analysis width y": 1e37,
  "analyser axis take off polar angle": 1e37,
  "analyser axis take off azimuth": 1e37,
  "species label": "W",
  "transition or charge state label": "4f",
  "charge of detected particle": -1,
  "abscissa label": "Kinetic energy",
  "abscissa units": "eV",
  "abscissa start": 1441.715,
  "abscissa increment": 0.15,
  "number of corresponding variables": 2,
  "signal mode": "pulse counting",
  "signal collection time": 0.44776,
  "number of scans to compile this block": 6,
  "signal time correction": 0,
  "sample normal polar angle of tilt": 1e37,
  "sample normal tilt azimuth": 1e37,
  "sample rotation angle": 1e37,
  "number of additional numerical parameters": 3,
  "additionalNumericalParameters": [
    {
      "label": "ESCAPE DEPTH TYPE",
      "unit": "d",
      "value": "1"
    },
    {
      "label": "MFP Exponent",
      "unit": "d",
      "value": "0"
    },
    {
      "label": "PROPAGATION_CONVERGED",
      "unit": "d",
      "value": "1"
    }
  ],
  "nbOrdinateValues": 268
}
